{"voxel_size": 0.0031999999999999997, "block_size": 30, "grid_width": 750, "grid_height": 750, "grid_depth": 750, "atlas_width": 2048, "atlas_height": 2048, "atlas_depth": 32, "num_slices": 8, "min_x": -1.2, "min_y": -1.2, "min_z": -1.2, "atlas_blocks_x": 64, "atlas_blocks_y": 64, "atlas_blocks_z": 1, "worldspace_T_opengl": [[-1.0, 0.0, 0.0, 0.0], [0.0, 0.0, 1.0, 0.0], [0.0, 1.0, 0.0, 0.0], [0.0, 0.0, 0.0, 1.0]], "ndc": false, "0_weights": [[0.2036370038986206, -0.020977970212697983, -0.22066611051559448, 0.6295983791351318, -0.31459105014801025, -0.28924593329429626, -0.3358061611652374, 0.13251517713069916, 0.013840073719620705, 0.5345979332923889, 0.18911601603031158, -0.08202952891588211, -0.013310743495821953, 0.005187836475670338, 0.3595680296421051, -0.43522828817367554], [-0.14526581764221191, 0.14709343016147614, 0.12107507139444351, -0.1929662674665451, -0.22994771599769592, -0.24988147616386414, -0.23976734280586243, -0.025210049003362656, 0.07958437502384186, -0.34341955184936523, -0.43153977394104004, 0.10244079679250717, 0.4077776074409485, 0.04825500026345253, 0.17802350223064423, 0.1723891645669937], [0.1914369910955429, -0.031760670244693756, 0.08179451525211334, 0.1766945719718933, 0.07269158959388733, 0.37259310483932495, 0.2691277265548706, -0.05004755035042763, -0.32260555028915405, 0.36882084608078003, 0.1301821619272232, 0.04546460136771202, -0.29542556405067444, -0.27552154660224915, 0.036735888570547104, -0.30783072113990784], [0.1613379716873169, -0.1698402315378189, -0.0605783574283123, 0.6756129860877991, -0.3363613486289978, 0.0655461996793747, 0.051602840423583984, 0.26502618193626404, 0.22381533682346344, 0.3661617934703827, -0.1705446094274521, -0.07451744377613068, -0.23629821836948395, -0.0058094197884202, -0.06790032982826233, -0.2853158712387085], [-0.06809759140014648, -0.4174063801765442, 0.25968480110168457, 0.07414925843477249, 0.1373341828584671, -0.25059768557548523, 0.1265324354171753, 0.04358264058828354, -0.2615133225917816, 0.004222670570015907, -0.09997746348381042, -0.0044806841760873795, 0.08606597036123276, -0.32134148478507996, 0.40613994002342224, -0.34159746766090393], [-0.030581241473555565, -0.011502770707011223, 0.10949252545833588, -0.443136990070343, -0.0827755331993103, 0.13388657569885254, -0.34526121616363525, -0.1286570131778717, 0.14543034136295319, -0.22133924067020416, -0.13734027743339539, -0.06839890778064728, 0.22313861548900604, 0.0696445107460022, -0.2331237941980362, -0.2527020275592804], [-0.2844829559326172, 0.35322415828704834, 0.015112400986254215, 0.6893656253814697, 0.12985940277576447, 0.17841531336307526, -0.70647794008255, 0.1282435804605484, -0.37225502729415894, -0.38634005188941956, 0.14551419019699097, 0.15958693623542786, -0.06678063422441483, -0.13993439078330994, 0.06927695870399475, -0.12089672684669495], [0.13642193377017975, -0.18907958269119263, -0.1022317185997963, -0.5015490055084229, -0.14265401661396027, 0.3027644455432892, -0.2169010490179062, -0.14313648641109467, -0.22933357954025269, -0.4748934209346771, 0.20177090167999268, 0.2689562439918518, 0.3322005271911621, -0.029406720772385597, 0.13910186290740967, 0.005314680747687817], [-0.3716307580471039, 0.10960786044597626, 0.19473499059677124, 0.2567231357097626, 0.13456310331821442, 0.18325157463550568, -0.1535232812166214, 0.028619833290576935, -0.24935106933116913, 0.12814581394195557, -0.0844474583864212, 0.045068833976984024, 0.0010476229945197701, 0.28380247950553894, -0.03509354963898659, -0.07409033179283142], [-0.033444952219724655, -0.4374632239341736, 0.004931687843054533, -0.23687563836574554, 0.5042412877082825, 0.007922044023871422, -0.21395659446716309, 0.017167823389172554, 0.1734115183353424, 0.14525407552719116, -0.1514483243227005, -0.010268429294228554, 0.06059447303414345, -0.05314468592405319, 0.1607624590396881, -0.16726566851139069], [0.02658778801560402, -0.09192827343940735, 0.016438882797956467, 0.02076847478747368, -0.39409083127975464, -0.06716971844434738, 0.1314956396818161, -0.11205580085515976, -0.021675271913409233, -0.02947334386408329, 0.027758628129959106, 0.022102970629930496, -0.005712680984288454, -0.16352665424346924, 0.12049220502376556, -0.2894657254219055], [-0.2779705226421356, -0.018442949280142784, -0.2194060981273651, -0.05913179740309715, -0.2558765709400177, -0.10604917258024216, -0.24467973411083221, 0.18633510172367096, -0.05757325515151024, 0.4187154173851013, 0.21316179633140564, 0.07780511677265167, 0.057913944125175476, -0.05791433900594711, 0.17521829903125763, -0.035560477524995804], [-0.04567769914865494, -9.498536383034661e-05, -0.023425785824656487, 0.08669689297676086, 0.5969455242156982, 0.015435338951647282, 0.00996433012187481, 0.04816297069191933, 0.023663591593503952, 0.009103058837354183, 0.0083266980946064, -0.0015249400166794658, -0.02832326479256153, -0.017672725021839142, 0.055353593081235886, -0.05213039368391037], [0.013608815148472786, 0.05817889794707298, -0.03068075142800808, -0.0024963836185634136, 0.7632860541343689, -0.003590245731174946, 0.04955941066145897, -0.024032332003116608, -0.05611900985240936, 0.02382359281182289, 0.0240436103194952, 0.01003794465214014, -0.02723751962184906, -0.0190499946475029, -0.07408233731985092, -0.08465275168418884], [0.015090953558683395, 0.04895179718732834, -0.07041626423597336, 0.049447692930698395, 0.3612965941429138, -0.04092497006058693, 0.054619140923023224, 0.0053059691563248634, 0.011984013952314854, -0.006962339393794537, 0.019931206479668617, -0.02335498295724392, -0.023456644266843796, 0.02782156877219677, -0.04234160855412483, 0.05700080469250679], [0.2120276242494583, 0.1692461520433426, 0.3646318316459656, -0.18899241089820862, -0.5100032091140747, 0.20857784152030945, 0.17017590999603271, -0.10802267491817474, -0.03632744774222374, -0.1415168195962906, 0.1573859602212906, -0.05091661214828491, -0.21767359972000122, 0.335651159286499, -0.43486523628234863, -0.08700813353061676], [-0.25420352816581726, -0.08535154908895493, 0.28355270624160767, 0.08327121287584305, -0.3387269973754883, -0.10507737100124359, 0.2816317081451416, -0.18367548286914825, -0.10392532497644424, -0.11784178018569946, -0.023221900686621666, 0.374182790517807, -0.18835167586803436, 0.32818055152893066, -0.10944293439388275, 0.025218717753887177], [-0.3158307373523712, -0.156235009431839, -0.1908467411994934, 0.3836716413497925, -0.5475288033485413, 0.08801405131816864, -0.038081150501966476, -0.08550112694501877, -0.12558339536190033, 0.3722754418849945, 0.2447437345981598, 0.03691015765070915, 0.2780663073062897, -0.11307714879512787, -0.2507241666316986, -0.14917688071727753], [0.0627896785736084, -0.15929310023784637, -0.05294888839125633, 0.024203050881624222, 0.05830340087413788, 0.016203684732317924, -0.3141705095767975, -0.03413267806172371, -0.14971640706062317, 0.018621012568473816, -0.1454179733991623, 0.010501333512365818, -0.11751479655504227, -0.17466169595718384, -0.0068778288550674915, 0.2949471175670624], [0.03806172311306, 0.436280220746994, 0.09905397891998291, 0.1994200199842453, -0.15200527012348175, -0.15780770778656006, 0.0011154048843309283, 0.09110891819000244, 0.06312330067157745, 0.45904144644737244, -0.28090712428092957, 0.07896246016025543, 0.39008471369743347, -0.28137439489364624, -0.5390094518661499, 0.3104042708873749], [-0.4581097960472107, 0.6084107160568237, 0.08966000378131866, -0.00710143381729722, -0.8492417335510254, -0.3720959424972534, -0.09643998742103577, -0.04921172931790352, 0.033416032791137695, 0.28736093640327454, 0.10818818211555481, 0.345384418964386, -0.03698885813355446, 0.007091816049069166, -0.11162792146205902, 0.4981430768966675], [-0.038403503596782684, -0.12899410724639893, -0.027923589572310448, -0.21032258868217468, 0.5213646292686462, -0.02950912155210972, 0.0836879163980484, 0.06478014588356018, 0.22510680556297302, 0.12204594165086746, -0.10096648335456848, 0.0746324211359024, 0.03834378346800804, -0.1104329526424408, 0.1933945119380951, 